[
{
    "model": "twitter.commentary",
    "fields": {
        "comment": "test",
        "tweet": 5,
        "author": 50,
        "pub_date": "2016-02-04T16:59:35.075Z"
    },
    "pk": 3
},
{
    "model": "twitter.commentary",
    "fields": {
        "comment": "chlen",
        "tweet": 5,
        "author": 50,
        "pub_date": "2016-02-04T17:00:15.825Z"
    },
    "pk": 4
},
{
    "model": "twitter.commentary",
    "fields": {
        "comment": "test",
        "tweet": 5,
        "author": 50,
        "pub_date": "2016-02-04T17:01:33.246Z"
    },
    "pk": 5
},
{
    "model": "twitter.commentary",
    "fields": {
        "comment": "test",
        "tweet": 5,
        "author": 50,
        "pub_date": "2016-02-04T17:02:22.392Z"
    },
    "pk": 6
},
{
    "model": "twitter.commentary",
    "fields": {
        "comment": "poprobui",
        "tweet": 5,
        "author": 51,
        "pub_date": "2016-02-04T17:04:05.708Z"
    },
    "pk": 7
},
{
    "model": "twitter.commentary",
    "fields": {
        "comment": "test",
        "tweet": 5,
        "author": 50,
        "pub_date": "2016-02-04T17:16:14.402Z"
    },
    "pk": 8
},
{
    "model": "twitter.commentary",
    "fields": {
        "comment": "test",
        "tweet": 5,
        "author": 51,
        "pub_date": "2016-02-04T17:16:40.935Z"
    },
    "pk": 9
},
{
    "model": "twitter.commentary",
    "fields": {
        "comment": "taktaktak",
        "tweet": 5,
        "author": 51,
        "pub_date": "2016-02-04T17:17:08.600Z"
    },
    "pk": 10
},
{
    "model": "twitter.commentary",
    "fields": {
        "comment": "\u0435\u0443\u044b\u0432",
        "tweet": 5,
        "author": 51,
        "pub_date": "2016-02-04T17:21:57.332Z"
    },
    "pk": 11
},
{
    "model": "twitter.commentary",
    "fields": {
        "comment": "\u043e\u043f",
        "tweet": 5,
        "author": 51,
        "pub_date": "2016-02-04T17:25:28.665Z"
    },
    "pk": 13
},
{
    "model": "twitter.commentary",
    "fields": {
        "comment": "test",
        "tweet": 5,
        "author": 51,
        "pub_date": "2016-02-04T17:47:01.483Z"
    },
    "pk": 14
},
{
    "model": "twitter.commentary",
    "fields": {
        "comment": "test",
        "tweet": 5,
        "author": 51,
        "pub_date": "2016-02-04T17:47:26.006Z"
    },
    "pk": 15
},
{
    "model": "twitter.commentary",
    "fields": {
        "comment": "test",
        "tweet": 5,
        "author": 51,
        "pub_date": "2016-02-04T17:47:31.273Z"
    },
    "pk": 16
},
{
    "model": "twitter.commentary",
    "fields": {
        "comment": "sda",
        "tweet": 5,
        "author": 51,
        "pub_date": "2016-02-04T17:49:44.250Z"
    },
    "pk": 17
},
{
    "model": "twitter.commentary",
    "fields": {
        "comment": "dasda",
        "tweet": 5,
        "author": 51,
        "pub_date": "2016-02-04T17:50:10.317Z"
    },
    "pk": 18
},
{
    "model": "twitter.commentary",
    "fields": {
        "comment": "\u043b\u043e\u043b \u043b\u043c\u0430\u043e",
        "tweet": 10,
        "author": 50,
        "pub_date": "2016-02-14T21:14:30.612Z"
    },
    "pk": 23
},
{
    "model": "twitter.commentary",
    "fields": {
        "comment": "\u0434\u0435\u0441\u044f\u0442\u044c \u0438\u0437 \u0434\u0435\u0441\u044f\u0442\u0438",
        "tweet": 9,
        "author": 50,
        "pub_date": "2016-02-14T21:14:43.356Z"
    },
    "pk": 24
},
{
    "model": "twitter.commentary",
    "fields": {
        "comment": "\u0442\u0435\u0441\u0442",
        "tweet": 10,
        "author": 50,
        "pub_date": "2016-02-24T15:03:45.383Z"
    },
    "pk": 138
},
{
    "model": "twitter.commentary",
    "fields": {
        "comment": "\u0442\u0430\u043a \u0431\u043b\u044f",
        "tweet": 10,
        "author": 50,
        "pub_date": "2016-02-24T15:03:52.489Z"
    },
    "pk": 139
},
{
    "model": "twitter.commentary",
    "fields": {
        "comment": "\u044b\u0432\u043e\u0442\u043e",
        "tweet": 10,
        "author": 50,
        "pub_date": "2016-02-24T15:04:49.724Z"
    },
    "pk": 140
},
{
    "model": "twitter.commentary",
    "fields": {
        "comment": "sada",
        "tweet": 10,
        "author": 50,
        "pub_date": "2016-02-24T15:05:41.640Z"
    },
    "pk": 141
},
{
    "model": "twitter.commentary",
    "fields": {
        "comment": "sada",
        "tweet": 10,
        "author": 50,
        "pub_date": "2016-02-24T15:05:42.972Z"
    },
    "pk": 142
},
{
    "model": "twitter.commentary",
    "fields": {
        "comment": "sada",
        "tweet": 10,
        "author": 50,
        "pub_date": "2016-02-24T15:05:43.135Z"
    },
    "pk": 143
},
{
    "model": "twitter.commentary",
    "fields": {
        "comment": "sada",
        "tweet": 10,
        "author": 50,
        "pub_date": "2016-02-24T15:05:43.295Z"
    },
    "pk": 144
},
{
    "model": "twitter.commentary",
    "fields": {
        "comment": "sada",
        "tweet": 10,
        "author": 50,
        "pub_date": "2016-02-24T15:05:43.485Z"
    },
    "pk": 145
},
{
    "model": "twitter.commentary",
    "fields": {
        "comment": "sada",
        "tweet": 10,
        "author": 50,
        "pub_date": "2016-02-24T15:05:43.651Z"
    },
    "pk": 146
},
{
    "model": "twitter.commentary",
    "fields": {
        "comment": "suka",
        "tweet": 10,
        "author": 50,
        "pub_date": "2016-02-24T15:06:17.614Z"
    },
    "pk": 147
},
{
    "model": "twitter.commentary",
    "fields": {
        "comment": "123",
        "tweet": 10,
        "author": 50,
        "pub_date": "2016-02-24T15:07:50.807Z"
    },
    "pk": 148
},
{
    "model": "twitter.commentary",
    "fields": {
        "comment": "12312",
        "tweet": 10,
        "author": 50,
        "pub_date": "2016-02-24T15:10:14.293Z"
    },
    "pk": 149
},
{
    "model": "twitter.commentary",
    "fields": {
        "comment": "213123",
        "tweet": 10,
        "author": 50,
        "pub_date": "2016-02-24T15:13:54.619Z"
    },
    "pk": 150
},
{
    "model": "twitter.commentary",
    "fields": {
        "comment": "123",
        "tweet": 10,
        "author": 50,
        "pub_date": "2016-02-24T15:19:35.071Z"
    },
    "pk": 151
},
{
    "model": "twitter.commentary",
    "fields": {
        "comment": "123",
        "tweet": 10,
        "author": 50,
        "pub_date": "2016-02-24T15:20:03.540Z"
    },
    "pk": 152
},
{
    "model": "twitter.commentary",
    "fields": {
        "comment": "123",
        "tweet": 10,
        "author": 50,
        "pub_date": "2016-02-24T15:20:36.916Z"
    },
    "pk": 153
},
{
    "model": "twitter.commentary",
    "fields": {
        "comment": "123",
        "tweet": 10,
        "author": 50,
        "pub_date": "2016-02-24T15:22:05.553Z"
    },
    "pk": 154
},
{
    "model": "twitter.commentary",
    "fields": {
        "comment": "123",
        "tweet": 5,
        "author": 50,
        "pub_date": "2016-02-24T15:23:09.193Z"
    },
    "pk": 155
},
{
    "model": "twitter.commentary",
    "fields": {
        "comment": "123",
        "tweet": 10,
        "author": 50,
        "pub_date": "2016-02-24T17:14:25.202Z"
    },
    "pk": 158
},
{
    "model": "twitter.commentary",
    "fields": {
        "comment": "14",
        "tweet": 5,
        "author": 50,
        "pub_date": "2016-02-24T17:14:28.722Z"
    },
    "pk": 159
},
{
    "model": "twitter.commentary",
    "fields": {
        "comment": "12314",
        "tweet": 5,
        "author": 50,
        "pub_date": "2016-02-24T17:15:03.752Z"
    },
    "pk": 160
},
{
    "model": "twitter.commentary",
    "fields": {
        "comment": "123123",
        "tweet": 5,
        "author": 50,
        "pub_date": "2016-02-24T17:15:20.015Z"
    },
    "pk": 161
},
{
    "model": "twitter.commentary",
    "fields": {
        "comment": "hi there",
        "tweet": 81,
        "author": 51,
        "pub_date": "2016-02-27T00:26:52.803Z"
    },
    "pk": 196
},
{
    "model": "twitter.commentary",
    "fields": {
        "comment": "\u0446\u0443\u0439\u0446\u0443",
        "tweet": 83,
        "author": 50,
        "pub_date": "2016-02-27T14:31:19.794Z"
    },
    "pk": 197
},
{
    "model": "twitter.commentary",
    "fields": {
        "comment": "test",
        "tweet": 85,
        "author": 51,
        "pub_date": "2016-02-28T11:32:24.960Z"
    },
    "pk": 198
},
{
    "model": "twitter.commentary",
    "fields": {
        "comment": "\u0437\u0430\u0435\u0431\u0438\u0441\u044c",
        "tweet": 86,
        "author": 51,
        "pub_date": "2016-02-28T11:36:05.520Z"
    },
    "pk": 199
},
{
    "model": "twitter.commentary",
    "fields": {
        "comment": "\u043f\u0440\u0438\u0432\u0435\u0442 \u043f\u0430\u0446\u0430\u043d\u044b",
        "tweet": 86,
        "author": 50,
        "pub_date": "2016-03-03T18:25:26.585Z"
    },
    "pk": 200
},
{
    "model": "twitter.commentary",
    "fields": {
        "comment": "\u043a\u0430\u043a \u0416\u0438\u0437\u043d\u044c \u0432\u043e\u043e\u0431\u0449\u0435?",
        "tweet": 86,
        "author": 50,
        "pub_date": "2016-03-03T18:25:34.125Z"
    },
    "pk": 201
},
{
    "model": "twitter.commentary",
    "fields": {
        "comment": "\u0431\u043b\u044f\u0434\u044c \u0434\u0430 \u043a\u0430\u043a \u0436\u0435 \u0442\u0430\u043a",
        "tweet": 89,
        "author": 50,
        "pub_date": "2016-03-03T22:20:13.321Z"
    },
    "pk": 219
},
{
    "model": "twitter.tweet",
    "fields": {
        "likes": [],
        "slug": "test",
        "pub_date": "2016-02-04T16:55:58.816Z",
        "tweet_text": "test",
        "image": "/static/noimage.png",
        "author": 50,
        "reposted_from": null
    },
    "pk": 5
},
{
    "model": "twitter.tweet",
    "fields": {
        "likes": [],
        "slug": "jopa",
        "pub_date": "2016-02-04T17:01:12.014Z",
        "tweet_text": "jopa",
        "image": "jopa/photo_ojoaGCT.jpg",
        "author": 51,
        "reposted_from": null
    },
    "pk": 6
},
{
    "model": "twitter.tweet",
    "fields": {
        "likes": [],
        "slug": "serioustest",
        "pub_date": "2016-02-14T16:40:03.000Z",
        "tweet_text": "serious test",
        "image": "serioustest/photo.jpg",
        "author": 51,
        "reposted_from": null
    },
    "pk": 7
},
{
    "model": "twitter.tweet",
    "fields": {
        "likes": [],
        "slug": "repsttest",
        "pub_date": "2016-02-14T17:04:02.671Z",
        "tweet_text": "serious repost",
        "image": "repsttest/photo.jpg",
        "author": 51,
        "reposted_from": 5
    },
    "pk": 8
},
{
    "model": "twitter.tweet",
    "fields": {
        "likes": [],
        "slug": "segodnya-nichego-ne-proizoshlo",
        "pub_date": "2016-02-14T21:01:32.017Z",
        "tweet_text": "\u0421\u0435\u0433\u043e\u0434\u043d\u044f \u043d\u0438\u0447\u0435\u0433\u043e \u043d\u0435 \u043f\u0440\u043e\u0438\u0437\u043e\u0448\u043b\u043e",
        "image": "segodnya-nichego-ne-proizoshlo/photo.jpg",
        "author": 51,
        "reposted_from": null
    },
    "pk": 9
},
{
    "model": "twitter.tweet",
    "fields": {
        "likes": [],
        "slug": "da-voobshe-byad-nevazhno",
        "pub_date": "2016-02-14T21:11:17.816Z",
        "tweet_text": "\u0434\u0430 \u0432\u043e\u043e\u0431\u0449\u0435 \u0431\u044f\u0434\u044c \u043d\u0435\u0432\u0430\u0436\u043d\u043e",
        "image": "/static/noimage.png",
        "author": 50,
        "reposted_from": 9
    },
    "pk": 10
},
{
    "model": "twitter.tweet",
    "fields": {
        "likes": [],
        "slug": "d1fe173d08e959397adf",
        "pub_date": "2016-02-27T00:08:27.568Z",
        "tweet_text": "123124",
        "image": "",
        "author": 51,
        "reposted_from": null
    },
    "pk": 79
},
{
    "model": "twitter.tweet",
    "fields": {
        "likes": [],
        "slug": "f033ab37c30201f73f14",
        "pub_date": "2016-02-27T00:20:09.678Z",
        "tweet_text": "23123",
        "image": "",
        "author": 51,
        "reposted_from": null
    },
    "pk": 80
},
{
    "model": "twitter.tweet",
    "fields": {
        "likes": [],
        "slug": "43ec517d68b6edd3015b",
        "pub_date": "2016-02-27T00:26:47.428Z",
        "tweet_text": "123123",
        "image": "",
        "author": 51,
        "reposted_from": null
    },
    "pk": 81
},
{
    "model": "twitter.tweet",
    "fields": {
        "likes": [],
        "slug": "9778d5d219c5080b9a6a",
        "pub_date": "2016-02-27T13:03:36.419Z",
        "tweet_text": "\u044d\u0442\u043e \u0431\u0443\u0434\u0435\u0442 #\u0442\u0435\u0441\u0442\u043e\u0432\u044b\u0439 \u043f\u043e\u0441\u0442",
        "image": "",
        "author": 51,
        "reposted_from": null
    },
    "pk": 82
},
{
    "model": "twitter.tweet",
    "fields": {
        "likes": [],
        "slug": "fe9fc289c3ff0af142b6",
        "pub_date": "2016-02-27T14:13:59.474Z",
        "tweet_text": "\u0438 \u0442\u0443\u0442 #\u0442\u0435\u0441\u0442\u043e\u0432\u044b\u0439 \u043f\u043e\u0441\u0442",
        "image": "",
        "author": 50,
        "reposted_from": null
    },
    "pk": 83
},
{
    "model": "twitter.tweet",
    "fields": {
        "likes": [
            52
        ],
        "slug": "68d30a9594728bc39aa2",
        "pub_date": "2016-02-27T16:59:36.070Z",
        "tweet_text": "welcome to detroit",
        "image": "photo_mXjNRm5.jpg",
        "author": 52,
        "reposted_from": null
    },
    "pk": 84
},
{
    "model": "twitter.tweet",
    "fields": {
        "likes": [],
        "slug": "3ef815416f775098fe97",
        "pub_date": "2016-02-28T11:32:21.967Z",
        "tweet_text": "test",
        "image": "",
        "author": 51,
        "reposted_from": null
    },
    "pk": 85
},
{
    "model": "twitter.tweet",
    "fields": {
        "likes": [
            50
        ],
        "slug": "93db85ed909c13838ff9",
        "pub_date": "2016-02-28T11:36:00.436Z",
        "tweet_text": "\u043d\u0443-\u043a\u0430 \u0435\u0449\u0435 \u0442\u0435\u0441\u0442\u0438\u043a",
        "image": "",
        "author": 51,
        "reposted_from": null
    },
    "pk": 86
},
{
    "model": "twitter.tweet",
    "fields": {
        "likes": [
            51
        ],
        "slug": "727277e6d875711cc22a",
        "pub_date": "2016-03-02T20:19:13.226Z",
        "tweet_text": "nu-ka blyad'",
        "image": "photo_WZkne1f.jpg",
        "author": 50,
        "reposted_from": null
    },
    "pk": 88
},
{
    "model": "twitter.tweet",
    "fields": {
        "likes": [
            51
        ],
        "slug": "7647966b7343c2904867",
        "pub_date": "2016-03-02T20:20:11.553Z",
        "tweet_text": "\u0438 \u0435\u0449\u0435 \u043d\u0430\u0445\u0443\u0439",
        "image": "photo.png",
        "author": 50,
        "reposted_from": null
    },
    "pk": 89
},
{
    "model": "twitter.tweet",
    "fields": {
        "likes": [],
        "slug": "93db85ed909c13838ff950",
        "pub_date": "2016-03-04T00:31:57.186Z",
        "tweet_text": "\u043d\u0443-\u043a\u0430 \u0435\u0449\u0435 \u0442\u0435\u0441\u0442\u0438\u043a",
        "image": "",
        "author": 50,
        "reposted_from": 86
    },
    "pk": 120
},
{
    "model": "twitter.tweet",
    "fields": {
        "likes": [
            51
        ],
        "slug": "727277e6d875711cc22a51",
        "pub_date": "2016-03-08T12:01:39.569Z",
        "tweet_text": "nu-ka blyad'",
        "image": "photo_WZkne1f.jpg",
        "author": 51,
        "reposted_from": 88
    },
    "pk": 121
},
{
    "model": "twitter.tweet",
    "fields": {
        "likes": [],
        "slug": "8997fdbf5088adc5ed91",
        "pub_date": "2016-03-08T18:41:09.488Z",
        "tweet_text": "{{ request.user }}",
        "image": "",
        "author": 50,
        "reposted_from": null
    },
    "pk": 122
},
{
    "model": "twitter.tweet",
    "fields": {
        "likes": [],
        "slug": "fb2a50091d80029b77bf",
        "pub_date": "2016-03-08T18:41:27.053Z",
        "tweet_text": "{{author.nickname}}",
        "image": "",
        "author": 50,
        "reposted_from": null
    },
    "pk": 123
},
{
    "model": "twitter.tweet",
    "fields": {
        "likes": [],
        "slug": "3133862bf73b3a2cbdd7",
        "pub_date": "2016-03-09T12:40:32.809Z",
        "tweet_text": "\u0442\u0430\u043a \u0442\u0443\u0442 \u0442\u0435\u0441\u0442",
        "image": "",
        "author": 52,
        "reposted_from": null
    },
    "pk": 124
},
{
    "model": "twitter.tweet",
    "fields": {
        "likes": [
            52
        ],
        "slug": "568336c2e044f104fd8d",
        "pub_date": "2016-03-09T12:40:35.521Z",
        "tweet_text": "\u0438 \u0435\u0449\u0435 \u043e\u0434\u0438\u043d",
        "image": "",
        "author": 52,
        "reposted_from": null
    },
    "pk": 125
},
{
    "model": "twitter.tweet",
    "fields": {
        "likes": [
            52
        ],
        "slug": "929d4c148b5734b00337",
        "pub_date": "2016-03-09T12:40:38.357Z",
        "tweet_text": "\u0442\u044b\u0441\u044f\u0447\u0438 \u0442\u0435\u0441\u0442\u043e\u0432",
        "image": "",
        "author": 52,
        "reposted_from": null
    },
    "pk": 126
},
{
    "model": "twitter.tweet",
    "fields": {
        "likes": [
            52
        ],
        "slug": "9b7978133b22fbe47a42",
        "pub_date": "2016-03-09T12:40:40.136Z",
        "tweet_text": "\u043c\u0438\u043b\u043b\u0438\u043e\u043d\u044b",
        "image": "",
        "author": 52,
        "reposted_from": null
    },
    "pk": 127
},
{
    "model": "twitter.tweet",
    "fields": {
        "likes": [],
        "slug": "fb2a50091d80029b77bf52",
        "pub_date": "2016-03-09T12:47:41.778Z",
        "tweet_text": "{{author.nickname}}",
        "image": "",
        "author": 52,
        "reposted_from": 123
    },
    "pk": 128
},
{
    "model": "twitter.tweet",
    "fields": {
        "likes": [],
        "slug": "d178e284cc455d778bed",
        "pub_date": "2016-04-12T22:12:52.099Z",
        "tweet_text": "\u0442\u0430\u043a, \u0441\u0435\u0439\u0447\u0430\u0441 \u0431\u0443\u0434\u0435\u043c \u0438\u0441\u043f\u044b\u0442\u044b\u0432\u0430\u0442\u044c #\u0432\u0441\u044f\u043a\u0438\u0435 \u0440\u0430\u0437\u043d\u044b\u0435 \u0438\u043d\u0442\u0435\u0440\u0435\u0441\u043d\u044b\u0435 \u0442\u0435\u0433\u0438",
        "image": "",
        "author": 50,
        "reposted_from": null
    },
    "pk": 129
},
{
    "model": "twitter.tweet",
    "fields": {
        "likes": [],
        "slug": "49844b449c04b33bd5da",
        "pub_date": "2016-04-12T22:13:03.240Z",
        "tweet_text": "i takie #na vsyakii sluchai",
        "image": "",
        "author": 50,
        "reposted_from": null
    },
    "pk": 130
},
{
    "model": "twitter.event",
    "fields": {
        "to_who": 51,
        "datetime": "2016-03-04T00:14:55.693Z",
        "tweet": null,
        "event_type": "unfollow",
        "from_who": 50
    },
    "pk": 1
},
{
    "model": "twitter.event",
    "fields": {
        "to_who": 51,
        "datetime": "2016-03-04T00:15:17.519Z",
        "tweet": null,
        "event_type": "follow",
        "from_who": 50
    },
    "pk": 2
},
{
    "model": "twitter.event",
    "fields": {
        "to_who": 51,
        "datetime": "2016-03-04T00:31:57.319Z",
        "tweet": 86,
        "event_type": "repost",
        "from_who": 50
    },
    "pk": 3
},
{
    "model": "twitter.event",
    "fields": {
        "to_who": 50,
        "datetime": "2016-03-08T12:00:16.933Z",
        "tweet": 89,
        "event_type": "like",
        "from_who": 51
    },
    "pk": 4
},
{
    "model": "twitter.event",
    "fields": {
        "to_who": 50,
        "datetime": "2016-03-08T12:01:37.778Z",
        "tweet": 88,
        "event_type": "like",
        "from_who": 51
    },
    "pk": 5
},
{
    "model": "twitter.event",
    "fields": {
        "to_who": 50,
        "datetime": "2016-03-08T12:01:39.692Z",
        "tweet": 88,
        "event_type": "repost",
        "from_who": 51
    },
    "pk": 6
},
{
    "model": "twitter.event",
    "fields": {
        "to_who": 50,
        "datetime": "2016-03-08T19:02:51.356Z",
        "tweet": null,
        "event_type": "follow",
        "from_who": 51
    },
    "pk": 7
},
{
    "model": "twitter.event",
    "fields": {
        "to_who": 50,
        "datetime": "2016-03-08T19:02:52.706Z",
        "tweet": null,
        "event_type": "unfollow",
        "from_who": 51
    },
    "pk": 8
},
{
    "model": "twitter.event",
    "fields": {
        "to_who": 51,
        "datetime": "2016-03-09T12:27:27.189Z",
        "tweet": 121,
        "event_type": "like",
        "from_who": 51
    },
    "pk": 10
},
{
    "model": "twitter.event",
    "fields": {
        "to_who": 52,
        "datetime": "2016-03-09T12:38:56.512Z",
        "tweet": 84,
        "event_type": "like",
        "from_who": 52
    },
    "pk": 13
},
{
    "model": "twitter.event",
    "fields": {
        "to_who": 52,
        "datetime": "2016-03-09T12:40:52.238Z",
        "tweet": 126,
        "event_type": "like",
        "from_who": 52
    },
    "pk": 14
},
{
    "model": "twitter.event",
    "fields": {
        "to_who": 52,
        "datetime": "2016-03-09T12:40:54.125Z",
        "tweet": 125,
        "event_type": "like",
        "from_who": 52
    },
    "pk": 15
},
{
    "model": "twitter.event",
    "fields": {
        "to_who": 52,
        "datetime": "2016-03-09T12:40:56.091Z",
        "tweet": 127,
        "event_type": "like",
        "from_who": 52
    },
    "pk": 16
},
{
    "model": "twitter.event",
    "fields": {
        "to_who": 50,
        "datetime": "2016-03-09T12:47:41.871Z",
        "tweet": 123,
        "event_type": "repost",
        "from_who": 52
    },
    "pk": 17
}
]
